kepid,plnt num,kname,dispos,GB vif cap2,RF vif,LR,DT
7037540,2,-,-,1,0.98,0.956,0.889
9071386,2,-,-,1,0.843,0.956,0.942
8552719,2,K01792.02,FP,1,0.98,0.949,0.888
2581316,2,K03681.02,CAND,1,0.952,0.942,0.932
3970233,2,-,-,1,0.97,0.935,0.972
9838975,2,-,-,1,0.99,0.927,0.879
8180020,2,-,-,1,0.979,0.927,0.925
9411166,2,-,-,1,0.979,0.921,0.684
10794087,1,K01316.01,CAND,1,0.959,0.914,0.899
9446824,2,-,-,1,0.979,0.908,0.913
12504988,2,-,-,1,0.969,0.905,0.921
